<application>
  <component name="AtomFileIconsConfig">
    <option name="accentColorEnabled" value="true" />
    <option name="monochromeIcons" value="true" />
    <option name="themedColorEnabled" value="true" />
    <option name="isMonochromeIcons" value="true" />
    <option name="monochromeColor" value="a84440" />
    <option name="arrowsStyle" value="Arrows" />
    <option name="isAccentColorEnabled" value="true" />
    <option name="accentColor" value="a84440" />
    <option name="isThemedColorEnabled" value="true" />
    <option name="themedColor" value="a84440" />
  </component>
</application>