<application>
  <component name="MaterialCustomThemeConfig">
    <option name="excludedColor" value="323232ff" />
    <option name="accentColor" value="a94541ff" />
    <option name="notificationsColor" value="1a1a1aff" />
    <option name="treeSelectionColor" value="323232c0" />
    <option name="highlightColor" value="3f3f3fff" />
    <option name="secondBorderColor" value="292929ff" />
    <option name="tableSelectedColor" value="323232ff" />
    <option name="contrastColor" value="282828ff" />
    <option name="disabledColor" value="474747ff" />
    <option name="secondaryBackgroundColor" value="292929ff" />
    <option name="buttonColor" value="2a2a2aff" />
    <option name="selectionForegroundColor" value="ffffffff" />
    <option name="selectionBackgroundColor" value="404040ff" />
    <option name="textColor" value="727272ff" />
    <option name="foregroundColor" value="b0bec5ff" />
    <option name="backgroundColor" value="181818ff" />
  </component>
</application>